district,id,title,publishedAt,viewCount,likeCount,commentCount
염리동,XO-UqGjZomc,[sub] 성시경의 먹을텐데 l 공덕동 원조신촌설렁탕,2023-09-21T09:00:11Z,1328109,16599.0,1130.0
염리동,Y8khrlMnP3k,직장인 맛집으로 곽! 찬 핫플 블루오션 (공덕역) | 전역자 ep.05 [EN/JP/ID/VI/TH],2024-02-06T09:00:10Z,872260,8764.0,535.0
염리동,XoXuHUdPeSY,족파 먹어 봄? 공덕에서 찾은 완벽한 족발 조합(전문점 퀄리티 순대국 서비스~!) [ENG],2024-03-15T08:30:17Z,451854,5538.0,220.0
염리동,vQPqFDWIJAU,제철 생새우회 드셔보셨나요? 🦐,2024-08-19T12:00:40Z,360942,2061.0,28.0
염리동,h3asFo2YtT0,실패하지 않는 공덕역 커피맛집 Top 3,2025-02-21T12:37:52Z,163510,4448.0,54.0
염리동,i3rPx07K3lU,안보면 후회하는 마포 A+ 맛집 모음 [2025년 상반기],2025-05-13T13:50:57Z,93015,1483.0,20.0
염리동,uwNuc6SX-sU,작년부터 준비한 공덕맛집 10곳,2025-05-27T23:20:01Z,75584,660.0,7.0
염리동,VsNzzjUpriY,공덕 직장인 친구픽 맛집3군데 풀어봅니다!?,2025-07-16T13:03:39Z,71297,745.0,3.0
염리동,DuWTXLLYsBs,"(마포/공덕) 전국에서 찾아오는 국보급 수타 간짜장, 신성각! [맛있겠다 Yummy]",2023-02-24T04:19:58Z,68815,1287.0,81.0
염리동,qm2LDnQat1w,마포/공덕맛집 찐맛집 Best15 - 공덕에서  2년간 일하며 수집한 찐맛집 소개 #공덕맛집#마포맛집#경의선숲길맛집#서울맛집#노포맛집,2024-04-20T06:36:47Z,66889,557.0,45.0
염리동,Y4yv6x2T_v8,공덕역맛집 메뉴고민 끝! 메뉴판은 아래에!↓↓↓하루 한곳만 다녀도 한달 후딱~ 지나갑니다! #공덕맛집#마포맛집#경의선숲길맛집#서울맛집,2023-06-03T04:10:48Z,60222,527.0,30.0
염리동,SAZX_rKePEY,"마포구 공덕 현지인 찐맛집 TOP5, 짬뽕이 미쳤는데!?",2023-12-14T03:00:10Z,58311,596.0,10.0
염리동,SdZVMS1oyiw,46년 전통 마포 터줏대감 보쌈 맛집 #서울맛집 #보쌈맛집 #마포맛집 #공덕맛집#쏘울맛집 #맛집 #seoulfood #koreanfood,2024-07-22T11:57:36Z,53680,539.0,28.0
염리동,eGngrIOk3tM,181 은하장 (서울 마포구) 중식맛집 리뷰 by 키다리짬뽕아저씨,2025-07-12T11:01:07Z,53005,960.0,245.0
염리동,FMKWjpui6jM,"[마포역 맛집 BEST 6] 마포/공덕역 근처 맛있는 것만 먹고 왔습니다 +주차정보 (마루심, 마포원조떡볶이, 기노, 현래장, 램랜드, 색동저고리)",2023-07-30T09:55:51Z,43769,,13.0
염리동,RdpcjIZwkpE,178 하하 (서울 마포 공덕역) 중식맛집 리뷰 by 키다리짬뽕아저씨,2025-06-06T14:55:13Z,38795,675.0,179.0
염리동,l-a8H390xts,10만원 넘는 호텔뷔페보다 맛있는 공덕역 호텔뷔페,2024-09-29T06:22:52Z,29302,251.0,2.0
염리동,aT11EgS1gXo,"순대와 순대국을 서비스로 주는 푸짐한 한상 차림, 공덕역 맛집 장수 족발  Korean Pig trotter / Korean Street Food / (Jokbal)",2023-07-03T11:29:23Z,27802,205.0,11.0
염리동,ywVfCQqPh5E,"로컬 변호사가 추천하는👍 서울 서부지방법원 맛집 TOP 5 (a.k.a 마포 맛집,공덕 맛집) [히어로이어]",2024-11-07T07:00:36Z,27324,,75.0
염리동,umO3Cy3SrrE,마포구 공덕역 맛집,2024-02-20T11:00:48Z,25721,158.0,2.0
염리동,P3D7k4t3cVU,[전현무계획2 | 채널S] 이런 투박한 비주얼인데...? 공덕동 전설의 보쌈 맛집 대공개! | 3화|,2024-10-25T15:00:23Z,25697,130.0,34.0
염리동,xGjK6tt43-c,청국장 공짜?🫢,2025-06-04T03:51:17Z,25561,132.0,5.0
염리동,pp8b-RrUepM,푸짐한 중식 요리를 맛보는 '보배반점 공덕점' - 마포 맛집 마슐랭,2023-11-16T02:00:18Z,23152,39.0,0.0
염리동,DpclV_W3VCo,"순대와 순대국을 서비스로 주는 푸짐한 한상 차림, 공덕역 맛집 장수 족발  Korean Pig trotter / Korean Street Food / (Jokbal)",2023-07-01T07:38:43Z,22960,154.0,7.0
염리동,RV6FCgiM4mw,마포 • 공덕 Best15 중 두번째! #마포맛집#공덕맛집#횟집#우리회수산#공덕횟집#마포횟집#먹방#shorts,2024-02-19T15:51:42Z,22343,105.0,2.0
염리동,ui72YYsST7I,"서울 마포공덕역 먹을때마다 달라지는 밥그릇 #리정원 김치삼겹두루치기+솥밥 11,000원 (계란말이 무한리필) #마포맛집 #공덕역맛집 #공덕맛집 #마포역맛집",2025-05-21T22:17:00Z,21546,56.0,2.0
염리동,Lu9kJnOoVvY,마포 4대 설렁탕집 빠른소개!  #서울맛집#마포맛집#공덕맛집#설렁탕맛집#마포옥#마포양지설렁탕#한양설농탕#원조신촌설렁탕#성시경 먹을텐데#shorts,2024-01-13T04:40:43Z,21336,151.0,9.0
염리동,9b68lh1M5gA,마포 공덕 직장인들의 성지! 노포 돼지갈비집 #마포맛집 #마포술집 #공덕술집 #공덕맛집 #공덕역맛집 #노포맛집 #돼지갈비맛집,2025-03-10T05:21:45Z,21261,70.0,6.0
염리동,gJ4Xd9QuIiw,수제 만두전골과 들기름막국수가 역대급! '운주당' - 마포 맛집 마슐랭,2023-06-19T05:36:57Z,20575,13.0,0.0
염리동,ZFrUX94oiDg,공유) 근본 집밥 땡길 때 들리는 50년 노포 백반집🌟 #공덕역맛집 #집밥 #노포맛집 #백반맛집,2025-05-10T08:19:40Z,16738,95.0,4.0
염리동,aItL1tXUPGQ,"서울 공덕역 김치찌개인가? 두루치기인가? #리정원 김치삼겹두루치기+솥밥 11,000원 (계란말이 무한리필) 김치찌개 처럼 먹다가, 자박해지면 삼겹두루치기#마포맛집 #공덕역맛집",2025-05-20T23:27:00Z,13684,35.0,1.0
염리동,OwjC5QpK64s,협찬 매운 불맛의 짬뽕라면 레시피 #리정원 #공덕맛집 #공덕역맛집 #마포맛집 #마포역맛집,2025-05-03T22:18:35Z,13326,57.0,1.0
염리동,Bp6mzJWro_o,공덕역 30년 갈매기골목 20년 노포 돼지 특수부위 전문점 야장맛집 다녀왔습니다. 고기 때깔 미쳤고 쌈야채+대파김치 무제한 #서울맛집 #공덕맛집 #노포맛집 #노포식당 #공덕역,2025-05-03T09:46:20Z,12584,27.0,4.0
염리동,YbFAytCUBeM,협찬 마포 공덕역 전라도 애호박찌게 꽃게 삼겹살 #리정원 #마포맛집 #공덕역맛집 꽃게 구이와 삼겹살을 같이 먹을수 있는 공덕역enjoy Jeolla-do food in Seoul,2025-05-01T21:27:12Z,11396,40.0,1.0
염리동,aXv3FMpReas,삼겹살에 닭발? #리정원 #공덕 #공덕역 #공덕맛집 #공덕역맛집 #마포구맛집 #서울데이트 #서울맛집 #서울 #서울여행 #삼겹살먹방 #닭발먹방 #삼겹살 #칼집삼겹살 #마포맛집 #마포,2025-07-01T15:13:48Z,11157,30.0,2.0
염리동,L4jMbQZ3Sog,"[공덕역 2차로 갈만한 14개 맛집(서울에서는 여기가 곧 뜰 것 같습니다), #31]",2024-03-31T00:05:17Z,10443,85.0,8.0
염리동,d0v5TOHMvxQ,25년 단골이 추천하는 공덕 동네맛집? #마포맛집 #공덕맛집 #공덕역맛집 #공덕술집 #공덕회식장소 #꼼장어맛집 #쭈꾸미맛집 #닭발맛집,2025-03-09T05:49:59Z,10025,32.0,2.0
염리동,aJqkTv3ARKI,❣️원조갈매기❣️서울 마포구 새창로 21 #마포맛집 #공덕역맛집 #등심멋집 #원조갈매기 #마포원조갈매기 #마포갈매기 #마포갈매기살 #공덕갈매기 #공덕갈매기살 #마포숯불구이,2025-01-16T07:21:07Z,9776,40.0,0.0
염리동,HoQEuSDqsJs,행복해지는 경의선숲길 야장맛집😚 #인기급상승 #공덕역,2025-05-24T04:55:09Z,9122,25.0,2.0
염리동,Q4K1w023Oh8,❣️해물기와❣️#공덕맛집 #공덕역맛집 #공덕회식 #공덕역회식 #공덕횟집 #공덕역횟집 #공독슐집 #공덕역술집 #공덕고등어회 #고등어회 #고등어회맛집 #고등어회전문 #고등어회추천,2025-05-29T11:10:47Z,8566,27.0,1.0
염리동,XIfMTS5FB_4,한식 VS 일품 어느것을 먹어야 하나? 공덕역 FRONT1 구내식당,2023-05-13T00:01:04Z,8541,185.0,20.0
염리동,WK-ot47FDy0,"마포 n년차 직장인, 마포 공덕 점심 맛집 식당 추천 23곳 #마포 #공덕 #마포 #맛집 #마포맛집 #공덕맛집 #마포점심 #공덕점심 #점메추 #비즈니스식사 #회식장소 #마포회식",2025-07-20T02:58:54Z,8249,52.0,1.0
염리동,_8LfFZ1yhnk,🐷 공덕 궁중족발 #공덕 #족발맛집 #무한리필 #공덕족발골목 #food #pork #한국의맛 #맛도리 #가성비 #마포구,2025-06-08T06:35:25Z,8050,15.0,1.0
염리동,wS8vPZz7Qoo,여긴 그냥 스태미나 던전인데요? #마포맛집 #공덕맛집 #공덕역맛집 #공덕술집 #공덕회식 #꼼장어맛집 #쭈꾸미맛집 #닭발맛집,2025-03-13T05:21:32Z,7698,23.0,1.0
염리동,GptUuJB8aDk,1차는 족발! 2차는 전! 핫플레이스 NOW 공덕동 골목 [2TV 생생정보] | KBS 20240904 방송,2024-09-05T09:30:06Z,7284,74.0,4.0
염리동,XakAzc0eZ98,공덕 직장인 추천 김치말이국수 조합?!! #마포맛집 #공덕맛집 #공덕맛집추천 #공덕역맛집 #소고기맛집 #김치말이국수 #김치말이국수맛집,2025-07-08T12:19:50Z,6573,19.0,1.0
염리동,aOxYkCNY8hM,#목포세발낙지 #낙지맛집 #낙지해장국 #낙지순두부 #공덕밥집 #공덕맛집 #공덕점심 #공덕역맛집 #서울마포맛집 #낙지요리 #낙지 #공덕 #공덕역 #맛집 #송가인사투리 #shorts,2024-08-18T21:33:09Z,6562,45.0,2.0
염리동,nQeP9Rz8kXA,여기 모르면 공덕 안다고 하면 안됨 @ootbstudio,2024-02-07T12:00:46Z,6164,41.0,3.0
염리동,FfdvXiX7N4s,공덕역 1번출구 인근 신장개업 3곳 동시 소개합니다~ #공덕맛집#솥고집#생활맥주#철길부산집#먹방#ASMR,2023-10-27T15:18:10Z,6044,25.0,2.0
염리동,xAdrO14Wpac,공덕역 인근에 숨어있는 주당들의 사랑방 - #하네집,2025-02-01T14:32:13Z,5799,32.0,4.0
염리동,sSf7xUDACjA,공덕역에서 가성비 좋은 구내식당을 찾으시나요^^ 드러와요~ 들어와~,2025-04-01T11:35:11Z,5783,173.0,39.0
염리동,N8ZesBr9lXA,공덕역 와인바 단정 #공덕 #와인 #와인바 #단정 #서울데이트 #서울맛집,2024-05-19T23:15:35Z,5678,15.0,2.0
염리동,W_m2b_Fo5FU,"공덕에 떴다!! 해물한상 39,000원 #마포구맛집 #마포맛집 #공덕맛집 #공덕맛집추천 #공덕역맛집 #공덕역술집 #공덕가볼만한곳 #도화동맛집",2025-09-24T04:32:22Z,5586,21.0,1.0
염리동,XKupbpULrTQ,"노포 감성 제대로! 공덕 직장인들의 성지, 마포지앵이라면 모두 가봤다는 그 곳. #다가생구이 #다가생구이서울본점 #서울야장 #야장추천 #마포맛집 #공덕맛집",2025-05-29T12:24:47Z,5292,20.0,1.0
염리동,g0xf6ar9SLg,스댕 그릇에 담겨진 김치찌개에 큼지막한 거기 듬성듬성 썰린 제육볶음 아무것도 안들어있지만 누구나 맛있게 먹을 수 있는 계란말이 투박함의 정석 공덕역 맛집 굴다리식당 굴다리김치찌개,2024-12-01T11:25:20Z,5105,39.0,3.0
염리동,Kolq_SzYfMo,공덕역 소금빵 맛집 찾기 데이트 #shorts  #먹방 #소금빵 #데이트,2025-01-02T08:00:14Z,5037,43.0,0.0
염리동,42xLUMOo3M4,[공덕맛집] 내가 인생 소고기를 찾았다면 믿어줄래?,2025-05-10T03:00:04Z,4902,1153.0,13.0
염리동,Gn4-5bHjsZc,고기가 타지않는 곳???#부산갈매기 #갈매기살 #갈매기살맛집#공덕역맛집#공덕동맛집#도화동맛집#마포구맛집 #고기맛집,2024-12-05T08:30:48Z,4835,15.0,1.0
염리동,dvwzvDBgAfw,전현무계획 마포 공덕역 최고 횟집 #남해바다 #공덕맛집 #마포맛집 #선어회맛집,2024-08-10T11:22:00Z,4659,36.0,3.0
염리동,WlxqYjspzHM,반드시 먹어봐야할 마포 공덕역 가성비 맛집 👍 l 공덕 점심 저녁 혼밥 추천!  #가성비맛집,2024-05-18T13:30:05Z,4644,22.0,1.0
염리동,jYAHQ04QpG8,떡볶이+튀김+순대+계란 몽땅 다해서 8000원 대박 #떡튀순 #공덕역맛집 #떡볶이맛집 구독 좋아요,2025-12-17T03:53:18Z,4004,15.0,1.0
염리동,_AcPaBfxj6M,[외백] 밥알이 이정도는 날아줘야 볶음밥이지 | 공덕역 화상 중국집,2023-08-28T09:00:32Z,3978,70.0,40.0
염리동,PhSB4Nmy-6Y,찰랑거리는 보쌈을 먹고싶다면 공덕역으로 달려가세요 #공덕맛집 #서울보쌈맛집 #서울맛집,2023-08-02T00:56:05Z,3730,22.0,2.0
염리동,prixTv4TJ6E,공덕역 맛집 숙성육관by해봉 숙성고기 맛보기,2024-05-15T03:00:26Z,3268,6.0,1.0
염리동,rsaUw1IXxtU,수제비 먹고 싶은데 수제비 삼행시 #수제비 #공덕역 #주막 #N행커플,2024-01-16T13:15:28Z,3215,9.0,2.0
염리동,2POoDfG4iJk,여긴 바인가 레스토랑인가~? 효창공원 랜드마크 #공덕맛집 #효창공원맛집 #공덕역맛집 #효창공원데이트 #갤러스,2025-07-15T13:32:12Z,3000,17.0,1.0
염리동,ANSUIzgXgsc,족발맛집들이 모인 공덕 족발골목,2024-07-16T07:31:15Z,2959,18.0,1.0
염리동,dn5xJ1Vy_Rw,#공덕역맛집 김치찌개 너무맛있자낭,2024-11-03T11:28:56Z,2898,23.0,3.0
염리동,hj2m46iJiYE,#마포곱창 #마포곱창집 #공덕역곱창 #공덕소곱창 #도화동곱창 #마포데이트 #마포핫플 #소곱창 #소곱창맛집 #곱창맛집,2025-10-27T11:49:31Z,2856,10.0,1.0
염리동,bgdRFqMYM1Y,주말 술마시고 개운하게 해장국 먹자! #공덕 #해장 #술안주 #맛집 #food #sufu,2023-09-02T07:25:33Z,2850,19.0,0.0
염리동,xUOwff0rWEs,마포 횟집 동해안생태개 공덕역 인근 활어횟집 #동해안생태찌개 #서울 #마포 #공덕역 #횟집 #물회 #물회국수 #국수 #마포맛집 #맛집 #서울맛집 #맛집투어 #맛집여행 #오늘뭐먹지,2025-07-02T22:15:10Z,2834,8.0,0.0
염리동,lTDNA3UMGlw,퇴근길 직장인들 마음 훔친 치맥 맛집 #생활맥주 #공덕맛집 #공덕역 #마포맛집 #마포구맛집 #경의선숲길 #hongdae #hapjeong #seoulkorea,2023-08-10T14:28:00Z,2832,13.0,0.0
염리동,sMC0OtTP6W0,공덕역 백반 맛집 봄이네 밥상 #공덕역 #맛집 #백반맛집 #봄이네밥상 #공덕역맛집 #제육볶음 #오징어볶음,2025-07-30T13:05:25Z,2773,7.0,1.0
염리동,ACeKrKpLdOo,#먹자용#KFood 맛집추천 마포맛집 공덕역맛집 공덕시장맛집 한방족발 순대국맛집 #가성비맛집#내돈내산#yummy#seoul#서울맛집#족발맛집#Koreanfood,2025-05-14T08:16:13Z,2757,5.0,0.0
염리동,43IDaEJZP9E,프라이빗 룸에서 즐기는 한우 다이닝 공덕역 레스토랑 #공덕맛집 #레스토랑 #다이닝 #한 우구이 #소고기맛집,2025-04-22T23:30:23Z,2713,5.0,1.0
염리동,UtUFQ-ECT80,공덕 경의선숲길 데이트 필승 맛집 알려드립니다🥂이대로만 가세요❤️‍🔥,2025-05-24T01:14:10Z,2586,6.0,0.0
염리동,eDugSL8XWvg,공덕역 소고기에 진심 우대포 한우못지않은 맛에 거를거 없는 사이드  #공덕역맛집 #우대포 #공덕역점심맛집 #공덕역직장인맛집 #소갈비 #맛집 #맛집소개유투버 #한국의맛 #서울맛집,2025-08-06T09:00:10Z,2472,5.0,1.0
염리동,IjunOFaZMQY,공덕역 맛집 #칼국수 #마포맛집 #공덕맛집 #공덕역 #맛집 #맛집추천 #noodles #oyster #oysters #shorts,2025-02-10T04:49:50Z,2458,12.0,10.0
염리동,DtALcBBnEc8,공덕역 소금빵 맛집 순위는?! #shorts #먹방 #소금빵 #파리바게트,2025-01-03T05:00:10Z,2378,8.0,0.0
염리동,_OwyQlz8GmE,공덕역 맛집 형제특수부위 #공덕역고기집 #공덕역맛집 #도화동맛집 #도화동고기집 #공덕맛집 #공덕회식,2025-04-30T11:42:54Z,2366,4.0,0.0
염리동,0BI56DOvM4U,서울 공덕동 공덕역 족발 맛집 오향족발,2023-07-25T16:00:51Z,2332,14.0,0.0
염리동,cv85HUdLEtw,"공덕역 룸식 한식다이닝, 우수👏👏정갈하고 맛있었답니다!#공덕맛집 #마포맛집 #한식다이닝 #공덕우수 #공덕룸식당",2025-10-29T01:20:34Z,2325,3.0,0.0
염리동,ftjkueSEnJg,마포 횟집 동해안생태개 해물물회 #동해안생태찌개 #서울 #마포 #공덕역 #횟집 #물회 #해물물회 #가자미 #마포맛집 #존맛 #맛집 #서울맛집 #맛집투어 #맛집여행 #오늘뭐먹지,2025-06-06T22:29:06Z,2312,2.0,0.0
염리동,h57aopS55Ro,평양냉면🍜 맛집 을밀대 다녀왔어요 #을밀대 #평냉맛집 #평양냉면 #을밀대본점 #마포맛집 #공덕역맛집,2025-07-21T11:26:49Z,2289,13.0,2.0
염리동,60l-1aE9xko,공덕역 맛집 합천돼지국밥      낮술 혼밥 당기실 때 가기 좋은곳 #공덕역 #맛집 #돼지국밥 #합천돼지국밥,2023-02-02T20:58:18Z,2289,10.0,0.0
염리동,Ogc3M68HyoA,❣️정각❣️#공덕레스토랑 #공덕브런치 #공덕파스타 #공덕역파스타 #경의선 #공덕역레스토랑 #공덕역브런치 #공덕역맛집 #경의선공원맛집 #경의선공원파스타 #공덕데이트 #공덕역데이트,2025-04-06T13:14:06Z,2271,6.0,0.0
염리동,1oNSPwn_Tiw,🍴단호박 스프 찐 맛집 가고 싶어? 그럼 여기 공덕역 닥터로빈!,2023-01-02T18:23:10Z,2262,25.0,1.0
염리동,pyI4Y1jD9iw,#청학동부침개 #부침개 #마포공덕시장맛집 #공덕역맛집 #마포맛집,2025-03-29T13:16:43Z,2209,6.0,0.0
염리동,VVbjugM6QxA,#곱창맛집 #공덕역맛집 사장님이 엄청 친절하고 맛도 좋은 달팽이가 그린 황소곱창,2023-02-24T09:06:41Z,2201,10.0,2.0
염리동,qGQf7vHXYm4,공덕동 족발골목 맛집[마포소문난원조족발]족발시키면 순대+순대국 무료/가성비 갑 #맛집 #food #서울맛집 #foodie #공덕역 #족발맛집 #족발 #순대 #순대국밥 #마포맛집,2023-10-22T11:27:41Z,2036,19.0,2.0
염리동,Z5Ml684MPbU,#마포맛집 #다락 / #마포맛집 #마포떡볶이 #다락 #다락즉석떡볶이 #마포즉석떡볶이 #마포역맛집 #공덕역맛집 #즉석떡볶이맛집 #떡볶이추천 #마포데이트 #마포가족모임 #마포혼밥,2025-09-03T22:25:48Z,2030,5.0,0.0
염리동,eWYBN3khx3o,공덕역 생선구이 백반 #공덕 #맛집후기 숨겨진 #시장맛집투어 백원가격에 푸짐한 한상,2023-09-01T00:57:10Z,2012,7.0,1.0
염리동,eGBTMMuidJQ,🍽️ 공덕에서 꼭 가봐야 할 맛집! 😋🔥 A must-visit restaurant in Seoul! #맛집 #공덕역맛집 #중식당 #도화동맛집 #마포구맛집 #맛집탐방 #shorts,2025-04-01T12:14:15Z,2010,10.0,3.0
염리동,45QxvaHX-kI,미쳤다... 미나리+쭈꾸미+삼겹살 조합🤤  공덕역 찐맛집,2025-07-11T15:07:08Z,1955,6.0,0.0
염리동,-v7yJ25oVzc,⭐️양지설렁탕⭐️줄서서먹는 공덕역맛집⭐️박서진⭐️ 검정고무신⭐️,2023-07-24T22:40:22Z,1934,327.0,43.0
염리동,ibdIOq12Hj4,공덕역 사위식당 #공덕역맛집 #공덕맛집#낙곱새맛집 #사위식당공덕#공덕사위식당 #서울맛집 #서울맛집추천 #서울여행 #마포맛집 #마포구,2025-07-27T02:13:26Z,1922,3.0,0.0
염리동,jiptPYHJ97Q,공덕역 점심 혼밥 순대국집에서 해장국먹기,2025-07-22T06:20:10Z,1919,6.0,0.0
염리동,XXaLfJxM5xE,공덕시장 #생선구이 #맛집 #공덕역 맛집 #공덕시장 #koreatravel #market,2025-06-06T20:56:22Z,1899,13.0,2.0
염리동,GMHQjbplSZY,비가올때 생각나는 그것 간단하게 한잔 걸칠때 공덕역 맛집,2023-07-18T00:45:51Z,1893,8.0,0.0
염리동,Ifvrx89gMiw,"""프랑스 음식 맛집, 공덕 파사주🇫🇷""",2025-09-09T01:00:16Z,1859,12.0,2.0
염리동,yAtg8AvEg6c,올드상해 공덕역점 #맛집 #또간집 #공덕 #중식당,2025-11-19T13:20:48Z,1823,4.0,0.0
염리동,PD9yhRtM3z0,"공덕역 맛집, 경의선숲길 맛집 추천 | 퓨전 한식 비스트로 정각 #공덕맛집#경의선숲길#대흥동 #서울데이트#서울맛집",2024-12-01T16:19:47Z,1709,7.0,0.0
염리동,U1S5by_TfLU,[1분 맛집] 서울 공덕역 선어회 맛집 '남해바다'...제철 회는 물론이고 삼치회와 멸치회 등 서울에서 먹기 어려운 회들을 먹을 수 있음 / 삼배체 굴도 맛나요 #shorts,2025-03-20T11:03:28Z,1701,25.0,2.0
염리동,-sZCjBLxmhM,공덕동 공덕역 맛집 오향족발입니다.족발시키면 순대 순대국 떡볶이 공짜 가성비 갑 족발집입니다.추천합니다.,2023-07-25T15:13:14Z,1683,12.0,4.0
염리동,S7rVK-IQ2IE,마포 공덕동의 홈메이드 파스타 맛집~ #shorts #오길비,2023-03-09T04:26:22Z,1680,11.0,0.0
염리동,RPfyqMILXuk,[DD] 공덕_핫브레드!,2024-05-24T05:26:57Z,1672,12.0,0.0
염리동,NAqqpbFuesM,"공덕에서 다시 만난 전설의 가지튀김, #하하",2025-09-22T01:00:31Z,1618,15.0,2.0
염리동,rs47rBlV0F4,입맛없는 여름엔 새콤달콤 열무국수 공덕역 점심 미아리우동에서 즐겨요,2025-07-25T07:37:25Z,1540,3.0,0.0
염리동,iqmqdhygAp4,✔️마포주민픽 #공덕역 | 공덕 근본 1위 카페 추천 #프릳츠도화 | #공덕맛집 #공덕카페 #카페추천,2025-08-22T05:53:38Z,1539,2.0,0.0
염리동,Ks49t7JH0RU,[속편] 공덕 맛집 탐방 파파호 & 카페 스러움,2023-05-24T10:18:27Z,1517,7.0,0.0
염리동,zwK1Tfv1tzQ,다가생구이#공덕역맛집#공덕맛집 #먹방#맛도리#맛집 www.beliefad.co.kr,2024-02-28T05:27:32Z,1495,5.0,0.0
염리동,lFJS9EpZFLU,공덕역 갈매기살 맛집 #정대포 #맥주한잔,2023-09-03T10:29:36Z,1456,7.0,2.0
염리동,uDnF8NCGZPU,마포 공덕역 #먹투어 코스 추천! 낙곱새 #맛집리뷰,2024-09-10T13:30:26Z,1441,16.0,0.0
염리동,1CUH41AxGhU,#협찬 #마포칼국수 #공덕칼국수 #공덕역밥집 #공덕밥집 #마포역밥집 #마포역칼국수 #공덕 촌데레 #맛집,2025-08-19T22:43:35Z,1438,12.0,1.0
염리동,C9gYtRs_Q_c,공덕역 맛집 형제특수부위 돼지고기,2023-04-25T07:00:03Z,1422,8.0,0.0
염리동,SXW7-cfVBcc,공덕 경의선숲길 술집 #파평윤씨 #공덕술집 #공덕역술집 #경의선숲길술집 #공덕낮술 #공덕분위기술집 #대흥역술집 #공덕파평윤씨,2025-03-14T09:26:53Z,1403,,
염리동,O7g5Ns14Koc,기막힌 탕수육+짜장+소주=2.2만원의 행복 #평화장  #공덕역맛집 #중화요리맛집 #탕수육맛집 #짜장맛집 #가성비맛집 #혼술맛집 #로컬맛집 #회식맛집,2025-10-30T10:49:32Z,1366,3.0,0.0
염리동,8AZanVtuqPc,마포 공덕 냉삼 맛집 #냉삼이오 #마포역맛집 #공덕역맛집,2025-02-26T01:22:52Z,1365,11.0,7.0
염리동,sicItnVUIH0,❣️고반식당블랙 마포🎯서울 마포구 도화길 16#공덕맛집 #마포맛집 #마포역맛집 #공덕고기집 #공덕역맛집 #공덕회식장소 #공덕역회식장소 #마포회식 #마포고기집 #공덕삼겹살,2025-02-02T15:55:52Z,1307,9.0,0.0
염리동,fHKqXdShk1k,"공덕역 맛집 한스케익 한스 딸기 생크림 케이크, 가나슈 초콜릿 케이크 각 8500 #맛집 #케이크 #한스케익",2025-03-03T09:00:55Z,1281,14.0,1.0
염리동,b-394oEzop0,#함루#공덕 #공덕맛집 #daily #먹방,2023-02-07T06:14:55Z,1276,4.0,0.0
염리동,vg_4Nl87WGk,서울 공덕역에 있는 족발의 성지? 40년 된 족발골목 가보기,2025-09-16T11:01:48Z,1267,38.0,10.0
염리동,5-kuYQA3ytk,[BP] 공덕역의 숨겨진 맛집 / 진시황 북어국,2023-02-26T15:08:03Z,1227,14.0,2.0
염리동,LiwLIhBXPd4,공덕역 합천 돼지국밥 l 짭시경의 먹을건데 EP.22,2023-06-30T08:00:09Z,1193,31.0,12.0
염리동,eNpqJ3RtCrQ,#마포중국집 #100년가공화춘 #공화춘 #공덕맛집,2023-01-27T15:50:11Z,1191,5.0,2.0
염리동,ZVczbPH-khg,공덕 밥집 가성비맛집 혼밥 만원 알탕,2025-08-13T07:43:36Z,1148,1.0,0.0
염리동,jinjyGng4bs,"공덕 한 바퀴｜서울 마포구ㆍ클래식햄버거, 커피성지 후엘고, 녹기 전에 젤라또, 건강빵 수더분, 포멜로빈, 빵지순례 파네트, 라떼맛집 구띠커피",2025-09-13T23:00:20Z,1113,16.0,2.0
염리동,cNr2yqKrFQg,공덕역 직장인들 다 소집하는 꼼장어 맛집😍#공덕맛집 #공덕노포 #공덕술집 #마포맛집 #마포술집 #경의선숲길 #공덕역맛집,2025-01-21T14:04:46Z,1088,6.0,2.0
